<wpml-config>
  <custom-types>
    <custom-type translate="1">x-portfolio</custom-type>
    <custom-type translate="1">cs_header</custom-type>
    <custom-type translate="1">cs_footer</custom-type>
  </custom-types>
  <taxonomies>
    <taxonomy translate="1">portfolio-tag</taxonomy>
    <taxonomy translate="1">portfolio-category</taxonomy>
  </taxonomies>
  <custom-fields>
    <custom-field action="copy">_x_video_aspect_ratio</custom-field>
    <custom-field action="copy">_x_video_m4v</custom-field>
    <custom-field action="translate">_x_quote_quote</custom-field>
    <custom-field action="copy">_x_quote_cite</custom-field>
    <custom-field action="copy">_x_video_embed</custom-field>
    <custom-field action="copy">_x_audio_mp3</custom-field>
    <custom-field action="copy">_x_link_url</custom-field>
    <custom-field action="copy">_x_portfolio_media</custom-field>
    <custom-field action="copy">_x_portfolio_index_media</custom-field>
    <custom-field action="copy">_x_portfolio_project_link</custom-field>
    <custom-field action="copy">_x_portfolio_embed</custom-field>
  </custom-fields>
  <admin-texts>
    <key name="x_integrity_blog_title"/>
    <key name="x_integrity_blog_subtitle"/>
    <key name="x_integrity_portfolio_archive_sort_button_text"/>
    <key name="x_renew_blog_title"/>
    <key name="x_topbar_content"/>
    <key name="x_footer_content"/>
    <key name="x_custom_portfolio_slug"/>
    <key name="x_portfolio_tag_title"/>
    <key name="x_portfolio_launch_project_title"/>
    <key name="x_portfolio_launch_project_button_text"/>
    <key name="x_portfolio_share_project_title"/>
    <key name="x_buddypress_activity_title"/>
    <key name="x_buddypress_groups_title"/>
    <key name="x_buddypress_blogs_title"/>
    <key name="x_buddypress_members_title"/>
    <key name="x_buddypress_register_title"/>
    <key name="x_buddypress_activate_title"/>
    <key name="x_buddypress_activity_subtitle"/>
    <key name="x_buddypress_groups_subtitle"/>
    <key name="x_buddypress_blogs_subtitle"/>
    <key name="x_buddypress_members_subtitle"/>
    <key name="x_buddypress_register_subtitle"/>
    <key name="x_buddypress_activate_subtitle"/>
  </admin-texts>
</wpml-config>
